{"loss": 0.28973216670354207, "accuracy": 0.8927166666666667, "_timestamp": 1755123332.4085479, "_runtime": 37.393003940582275, "_step": 4, "_wandb": {"runtime": 34}}